image_path,label,degrees,source,paddle_pred,paddle_lat,onnx_pred,onnx_lat,optimum_pred,optimum_lat
/Users/urgensingtan/Desktop/aaamnil_workspace/Research-page-orientation/data/english_only_rotated/page_0001_rot0.png,0,0,page_0001.png,0,64.35379199683666,0,31.463000006624497,0,34.26762500021141
/Users/urgensingtan/Desktop/aaamnil_workspace/Research-page-orientation/data/english_only_rotated/page_0001_rot90.png,1,90,page_0001.png,1,38.85991600691341,1,32.02337499533314,1,33.69629199733026
/Users/urgensingtan/Desktop/aaamnil_workspace/Research-page-orientation/data/english_only_rotated/page_0001_rot180.png,2,180,page_0001.png,2,37.12074999930337,2,28.5662090027472,2,30.06641598767601
/Users/urgensingtan/Desktop/aaamnil_workspace/Research-page-orientation/data/english_only_rotated/page_0001_rot270.png,3,270,page_0001.png,3,39.035624999087304,3,30.141125011141412,3,31.146749999606982
/Users/urgensingtan/Desktop/aaamnil_workspace/Research-page-orientation/data/english_only_rotated/page_0004_rot0.png,0,0,page_0004.png,0,28.602459002286196,0,20.307500002672896,0,20.738332998007536
/Users/urgensingtan/Desktop/aaamnil_workspace/Research-page-orientation/data/english_only_rotated/page_0004_rot90.png,1,90,page_0004.png,1,27.974833006737754,1,19.710292006493546,1,19.460374998743646
/Users/urgensingtan/Desktop/aaamnil_workspace/Research-page-orientation/data/english_only_rotated/page_0004_rot180.png,2,180,page_0004.png,2,28.997417000937276,2,19.841000001179054,2,20.979250009986572
/Users/urgensingtan/Desktop/aaamnil_workspace/Research-page-orientation/data/english_only_rotated/page_0004_rot270.png,3,270,page_0004.png,3,28.891541005577892,3,21.235459003946744,3,19.34987500135321
/Users/urgensingtan/Desktop/aaamnil_workspace/Research-page-orientation/data/english_only_rotated/page_0005_rot0.png,0,0,page_0005.png,0,29.325333001906984,0,21.588042000075802,0,20.262375008314848
/Users/urgensingtan/Desktop/aaamnil_workspace/Research-page-orientation/data/english_only_rotated/page_0005_rot90.png,1,90,page_0005.png,1,28.926832994329743,1,21.07087499462068,1,21.375124997575767
/Users/urgensingtan/Desktop/aaamnil_workspace/Research-page-orientation/data/english_only_rotated/page_0005_rot180.png,2,180,page_0005.png,2,29.27520900266245,2,21.26045800105203,2,20.307207989390008
/Users/urgensingtan/Desktop/aaamnil_workspace/Research-page-orientation/data/english_only_rotated/page_0005_rot270.png,3,270,page_0005.png,3,28.023125007166527,3,19.844624999677762,3,19.66224999341648
/Users/urgensingtan/Desktop/aaamnil_workspace/Research-page-orientation/data/english_only_rotated/page_0006_rot0.png,0,0,page_0006.png,0,29.090459007420577,0,19.914415999664925,0,20.53270800388418
/Users/urgensingtan/Desktop/aaamnil_workspace/Research-page-orientation/data/english_only_rotated/page_0006_rot90.png,1,90,page_0006.png,1,28.82508299080655,1,19.885917005012743,1,19.57649999530986
/Users/urgensingtan/Desktop/aaamnil_workspace/Research-page-orientation/data/english_only_rotated/page_0006_rot180.png,2,180,page_0006.png,2,28.35725000477396,2,21.028582996223122,2,22.156666993396357
/Users/urgensingtan/Desktop/aaamnil_workspace/Research-page-orientation/data/english_only_rotated/page_0006_rot270.png,3,270,page_0006.png,3,27.123000007122755,3,19.825332987238653,3,23.456833994714543
/Users/urgensingtan/Desktop/aaamnil_workspace/Research-page-orientation/data/english_only_rotated/page_0007_rot0.png,0,0,page_0007.png,0,28.068083003745414,0,19.580499996664003,0,20.206333996611647
/Users/urgensingtan/Desktop/aaamnil_workspace/Research-page-orientation/data/english_only_rotated/page_0007_rot90.png,1,90,page_0007.png,1,27.210292013478465,1,19.641582999611273,1,20.268458989448845
/Users/urgensingtan/Desktop/aaamnil_workspace/Research-page-orientation/data/english_only_rotated/page_0007_rot180.png,2,180,page_0007.png,2,30.4046249948442,2,19.73625000391621,2,20.267666011932306
/Users/urgensingtan/Desktop/aaamnil_workspace/Research-page-orientation/data/english_only_rotated/page_0007_rot270.png,3,270,page_0007.png,3,27.569666999625042,3,18.92191699880641,3,19.594292010879144
/Users/urgensingtan/Desktop/aaamnil_workspace/Research-page-orientation/data/english_only_rotated/page_0008_rot0.png,0,0,page_0008.png,0,28.429124999092892,0,20.406333991559222,0,20.76320799824316
/Users/urgensingtan/Desktop/aaamnil_workspace/Research-page-orientation/data/english_only_rotated/page_0008_rot90.png,1,90,page_0008.png,1,27.96445800049696,1,19.695625000167638,1,20.175207988359034
/Users/urgensingtan/Desktop/aaamnil_workspace/Research-page-orientation/data/english_only_rotated/page_0008_rot180.png,2,180,page_0008.png,2,29.14320801210124,2,20.82487501320429,2,20.326375000877306
/Users/urgensingtan/Desktop/aaamnil_workspace/Research-page-orientation/data/english_only_rotated/page_0008_rot270.png,3,270,page_0008.png,3,27.678750004270114,3,22.50308399379719,3,20.91133300564252
/Users/urgensingtan/Desktop/aaamnil_workspace/Research-page-orientation/data/english_only_rotated/page_0009_rot0.png,0,0,page_0009.png,0,28.779457992641255,0,21.417124997242354,0,20.237165997968987
/Users/urgensingtan/Desktop/aaamnil_workspace/Research-page-orientation/data/english_only_rotated/page_0009_rot90.png,1,90,page_0009.png,1,28.31062499899417,1,19.872792006935924,1,19.878999999491498
/Users/urgensingtan/Desktop/aaamnil_workspace/Research-page-orientation/data/english_only_rotated/page_0009_rot180.png,2,180,page_0009.png,2,29.6739159966819,2,21.686582986149006,2,21.24287499464117
/Users/urgensingtan/Desktop/aaamnil_workspace/Research-page-orientation/data/english_only_rotated/page_0009_rot270.png,3,270,page_0009.png,3,28.33329199347645,3,19.437790993833914,3,19.327834001160227
/Users/urgensingtan/Desktop/aaamnil_workspace/Research-page-orientation/data/english_only_rotated/page_0010_rot0.png,0,0,page_0010.png,0,28.161207999801263,0,20.34916600678116,0,20.73779200145509
/Users/urgensingtan/Desktop/aaamnil_workspace/Research-page-orientation/data/english_only_rotated/page_0010_rot90.png,1,90,page_0010.png,1,28.907750005600974,1,19.833292011753656,1,19.21995800512377
/Users/urgensingtan/Desktop/aaamnil_workspace/Research-page-orientation/data/english_only_rotated/page_0010_rot180.png,2,180,page_0010.png,2,27.76708400051575,2,19.84133300720714,2,20.088416000362486
/Users/urgensingtan/Desktop/aaamnil_workspace/Research-page-orientation/data/english_only_rotated/page_0010_rot270.png,3,270,page_0010.png,3,27.64579199720174,3,19.64991599379573,3,20.745000001625158
/Users/urgensingtan/Desktop/aaamnil_workspace/Research-page-orientation/data/english_only_rotated/page_0012_rot0.png,0,0,page_0012.png,0,28.683041004114784,0,21.318291997886263,0,20.987083000363782
/Users/urgensingtan/Desktop/aaamnil_workspace/Research-page-orientation/data/english_only_rotated/page_0012_rot90.png,1,90,page_0012.png,1,28.27829100715462,1,21.193374996073544,1,19.973792004748248
/Users/urgensingtan/Desktop/aaamnil_workspace/Research-page-orientation/data/english_only_rotated/page_0012_rot180.png,2,180,page_0012.png,2,29.106417001457885,2,22.392250000848435,2,21.02174999890849
/Users/urgensingtan/Desktop/aaamnil_workspace/Research-page-orientation/data/english_only_rotated/page_0012_rot270.png,3,270,page_0012.png,3,28.0234170058975,3,20.090666992473416,3,19.980333003331907
/Users/urgensingtan/Desktop/aaamnil_workspace/Research-page-orientation/data/english_only_rotated/page_0013_rot0.png,0,0,page_0013.png,0,30.11687500111293,0,21.70658399700187,0,22.66325001255609
/Users/urgensingtan/Desktop/aaamnil_workspace/Research-page-orientation/data/english_only_rotated/page_0013_rot90.png,1,90,page_0013.png,1,28.198959000292234,1,20.433041994692758,1,19.724416997632943
/Users/urgensingtan/Desktop/aaamnil_workspace/Research-page-orientation/data/english_only_rotated/page_0013_rot180.png,2,180,page_0013.png,2,28.912166992085986,2,21.1693750025006,2,20.91070800088346
/Users/urgensingtan/Desktop/aaamnil_workspace/Research-page-orientation/data/english_only_rotated/page_0013_rot270.png,3,270,page_0013.png,3,28.628916988964193,3,19.70091699331533,3,19.891707997885533
/Users/urgensingtan/Desktop/aaamnil_workspace/Research-page-orientation/data/english_only_rotated/page_0014_rot0.png,0,0,page_0014.png,0,28.824458990129642,0,21.04666701052338,0,21.64887500111945
/Users/urgensingtan/Desktop/aaamnil_workspace/Research-page-orientation/data/english_only_rotated/page_0014_rot90.png,1,90,page_0014.png,1,28.831042000092566,1,20.467834008741193,1,20.174833000055514
/Users/urgensingtan/Desktop/aaamnil_workspace/Research-page-orientation/data/english_only_rotated/page_0014_rot180.png,2,180,page_0014.png,2,28.6065420077648,2,20.309333005570807,2,21.100250000017695
/Users/urgensingtan/Desktop/aaamnil_workspace/Research-page-orientation/data/english_only_rotated/page_0014_rot270.png,3,270,page_0014.png,3,27.56825000687968,3,19.370415990124457,3,19.433958004810847
/Users/urgensingtan/Desktop/aaamnil_workspace/Research-page-orientation/data/english_only_rotated/page_0015_rot0.png,0,0,page_0015.png,0,29.896499996539205,0,19.724042009329423,0,20.012499997392297
/Users/urgensingtan/Desktop/aaamnil_workspace/Research-page-orientation/data/english_only_rotated/page_0015_rot90.png,1,90,page_0015.png,1,28.829500006395392,1,19.033374992432073,1,19.229917001212016
/Users/urgensingtan/Desktop/aaamnil_workspace/Research-page-orientation/data/english_only_rotated/page_0015_rot180.png,2,180,page_0015.png,2,28.704083000775427,2,19.828416989184916,2,19.905916997231543
/Users/urgensingtan/Desktop/aaamnil_workspace/Research-page-orientation/data/english_only_rotated/page_0015_rot270.png,3,270,page_0015.png,3,27.039915992645547,3,20.57404200604651,3,20.293792011216283
/Users/urgensingtan/Desktop/aaamnil_workspace/Research-page-orientation/data/english_only_rotated/page_0016_rot0.png,0,0,page_0016.png,0,28.29062500677537,0,19.485540993628092,0,19.509125006152317
/Users/urgensingtan/Desktop/aaamnil_workspace/Research-page-orientation/data/english_only_rotated/page_0016_rot90.png,1,90,page_0016.png,1,26.63066600507591,1,19.36770899919793,1,19.305249996250495
/Users/urgensingtan/Desktop/aaamnil_workspace/Research-page-orientation/data/english_only_rotated/page_0016_rot180.png,2,180,page_0016.png,2,28.862416991614737,2,19.76570898841601,2,19.510792000801302
/Users/urgensingtan/Desktop/aaamnil_workspace/Research-page-orientation/data/english_only_rotated/page_0016_rot270.png,3,270,page_0016.png,3,27.154958006576635,3,19.07624999876134,3,19.336083001689985
/Users/urgensingtan/Desktop/aaamnil_workspace/Research-page-orientation/data/english_only_rotated/page_0018_rot0.png,0,0,page_0018.png,0,28.88974999950733,0,20.88058400840964,0,20.990458986489102
/Users/urgensingtan/Desktop/aaamnil_workspace/Research-page-orientation/data/english_only_rotated/page_0018_rot90.png,1,90,page_0018.png,1,27.816875008284114,1,20.046040997840464,1,21.60179099882953
/Users/urgensingtan/Desktop/aaamnil_workspace/Research-page-orientation/data/english_only_rotated/page_0018_rot180.png,2,180,page_0018.png,2,29.193124995799735,2,20.93629199953284,2,25.183457997627556
/Users/urgensingtan/Desktop/aaamnil_workspace/Research-page-orientation/data/english_only_rotated/page_0018_rot270.png,3,270,page_0018.png,3,29.804791003698483,3,21.023374996730126,3,21.467124999617226
/Users/urgensingtan/Desktop/aaamnil_workspace/Research-page-orientation/data/english_only_rotated/page_0019_rot0.png,0,0,page_0019.png,0,30.10141701088287,0,20.31841699499637,0,20.72937499906402
/Users/urgensingtan/Desktop/aaamnil_workspace/Research-page-orientation/data/english_only_rotated/page_0019_rot90.png,1,90,page_0019.png,1,29.632000005221926,1,20.368625002447516,1,20.432290999451652
/Users/urgensingtan/Desktop/aaamnil_workspace/Research-page-orientation/data/english_only_rotated/page_0019_rot180.png,2,180,page_0019.png,2,29.163499988499098,2,20.86029198835604,2,21.109708002768457
/Users/urgensingtan/Desktop/aaamnil_workspace/Research-page-orientation/data/english_only_rotated/page_0019_rot270.png,3,270,page_0019.png,3,28.628540996578522,3,21.28083301067818,3,20.051542000146583
/Users/urgensingtan/Desktop/aaamnil_workspace/Research-page-orientation/data/english_only_rotated/page_0020_rot0.png,0,0,page_0020.png,0,29.745500010903925,0,22.306625003693625,0,22.45379200030584
/Users/urgensingtan/Desktop/aaamnil_workspace/Research-page-orientation/data/english_only_rotated/page_0020_rot90.png,1,90,page_0020.png,1,28.716791988699697,1,20.853249996434897,1,20.468250004341826
/Users/urgensingtan/Desktop/aaamnil_workspace/Research-page-orientation/data/english_only_rotated/page_0020_rot180.png,2,180,page_0020.png,2,29.738666999037378,2,21.22475000214763,2,21.372374991187826
/Users/urgensingtan/Desktop/aaamnil_workspace/Research-page-orientation/data/english_only_rotated/page_0020_rot270.png,3,270,page_0020.png,3,28.760333996615373,3,20.25983300700318,3,22.164791997056454
/Users/urgensingtan/Desktop/aaamnil_workspace/Research-page-orientation/data/english_only_rotated/page_0021_rot0.png,0,0,page_0021.png,0,30.15908300585579,0,21.594749996438622,0,25.76333399338182
/Users/urgensingtan/Desktop/aaamnil_workspace/Research-page-orientation/data/english_only_rotated/page_0021_rot90.png,1,90,page_0021.png,1,29.376250007771887,1,23.56083299673628,1,44.599082990316674
/Users/urgensingtan/Desktop/aaamnil_workspace/Research-page-orientation/data/english_only_rotated/page_0021_rot180.png,2,180,page_0021.png,2,30.052375004743226,2,21.654083000612445,2,33.94008400209714
/Users/urgensingtan/Desktop/aaamnil_workspace/Research-page-orientation/data/english_only_rotated/page_0021_rot270.png,3,270,page_0021.png,3,29.72375000535976,3,21.487166988663375,3,23.64687500812579
/Users/urgensingtan/Desktop/aaamnil_workspace/Research-page-orientation/data/english_only_rotated/page_0022_rot0.png,0,0,page_0022.png,0,29.156374992453493,0,21.519291010918096,0,21.87749999575317
/Users/urgensingtan/Desktop/aaamnil_workspace/Research-page-orientation/data/english_only_rotated/page_0022_rot90.png,1,90,page_0022.png,1,28.403874996001832,1,19.804499999736436,1,20.7137500110548
/Users/urgensingtan/Desktop/aaamnil_workspace/Research-page-orientation/data/english_only_rotated/page_0022_rot180.png,2,180,page_0022.png,2,29.18191600474529,2,22.434665996115655,2,20.883874996798113
/Users/urgensingtan/Desktop/aaamnil_workspace/Research-page-orientation/data/english_only_rotated/page_0022_rot270.png,3,270,page_0022.png,3,28.187124989926815,3,21.80508300079964,3,20.224958992912434
/Users/urgensingtan/Desktop/aaamnil_workspace/Research-page-orientation/data/english_only_rotated/page_0023_rot0.png,0,0,page_0023.png,0,29.67650000937283,0,22.090250000474043,0,29.274041997268796
/Users/urgensingtan/Desktop/aaamnil_workspace/Research-page-orientation/data/english_only_rotated/page_0023_rot90.png,1,90,page_0023.png,1,28.18766699056141,1,20.32654100912623,1,23.717167001450434
/Users/urgensingtan/Desktop/aaamnil_workspace/Research-page-orientation/data/english_only_rotated/page_0023_rot180.png,2,180,page_0023.png,2,28.926625003805384,2,21.191624997300096,2,21.229249992757104
/Users/urgensingtan/Desktop/aaamnil_workspace/Research-page-orientation/data/english_only_rotated/page_0023_rot270.png,3,270,page_0023.png,3,28.19179100333713,3,19.749125000089407,3,19.887165995896794
/Users/urgensingtan/Desktop/aaamnil_workspace/Research-page-orientation/data/english_only_rotated/page_0024_rot0.png,0,0,page_0024.png,0,29.37999999267049,0,21.154000001843087,0,21.187874997849576
/Users/urgensingtan/Desktop/aaamnil_workspace/Research-page-orientation/data/english_only_rotated/page_0024_rot90.png,1,90,page_0024.png,1,28.428334000636823,1,20.5130829999689,1,20.583207995514385
/Users/urgensingtan/Desktop/aaamnil_workspace/Research-page-orientation/data/english_only_rotated/page_0024_rot180.png,2,180,page_0024.png,2,29.56533301039599,2,21.249083991278894,2,24.83616699464619
/Users/urgensingtan/Desktop/aaamnil_workspace/Research-page-orientation/data/english_only_rotated/page_0024_rot270.png,3,270,page_0024.png,3,29.313208011444658,3,19.783957992331125,3,20.6576250056969
/Users/urgensingtan/Desktop/aaamnil_workspace/Research-page-orientation/data/english_only_rotated/page_0025_rot0.png,0,0,page_0025.png,0,29.254375011078082,0,20.832166002946906,0,20.341166004072875
/Users/urgensingtan/Desktop/aaamnil_workspace/Research-page-orientation/data/english_only_rotated/page_0025_rot90.png,1,90,page_0025.png,1,29.032874997938052,1,20.405375005793758,1,20.490999988396652
/Users/urgensingtan/Desktop/aaamnil_workspace/Research-page-orientation/data/english_only_rotated/page_0025_rot180.png,2,180,page_0025.png,2,28.710415994282812,2,20.152249999227934,2,22.2847080003703
/Users/urgensingtan/Desktop/aaamnil_workspace/Research-page-orientation/data/english_only_rotated/page_0025_rot270.png,3,270,page_0025.png,3,28.607708009076305,3,21.475292000104673,3,26.057375012896955
/Users/urgensingtan/Desktop/aaamnil_workspace/Research-page-orientation/data/english_only_rotated/page_0026_rot0.png,0,0,page_0026.png,0,29.173582996008918,0,22.04249998612795,0,24.50033299101051
/Users/urgensingtan/Desktop/aaamnil_workspace/Research-page-orientation/data/english_only_rotated/page_0026_rot90.png,1,90,page_0026.png,1,28.522541993879713,1,21.038667007815093,1,26.925500002107583
/Users/urgensingtan/Desktop/aaamnil_workspace/Research-page-orientation/data/english_only_rotated/page_0026_rot180.png,2,180,page_0026.png,2,30.18625000549946,2,21.551209007157013,2,27.257708992692642
/Users/urgensingtan/Desktop/aaamnil_workspace/Research-page-orientation/data/english_only_rotated/page_0026_rot270.png,3,270,page_0026.png,3,28.321334000793286,3,19.975540999439545,3,23.69212500343565
/Users/urgensingtan/Desktop/aaamnil_workspace/Research-page-orientation/data/english_only_rotated/page_0027_rot0.png,0,0,page_0027.png,0,30.54104099282995,0,21.52995798678603,0,27.21158298663795
/Users/urgensingtan/Desktop/aaamnil_workspace/Research-page-orientation/data/english_only_rotated/page_0027_rot90.png,1,90,page_0027.png,1,28.96774999680929,1,20.620875002350658,1,24.321208999026567
/Users/urgensingtan/Desktop/aaamnil_workspace/Research-page-orientation/data/english_only_rotated/page_0027_rot180.png,2,180,page_0027.png,2,29.953250006656162,2,21.40566598973237,2,24.291833004099317
/Users/urgensingtan/Desktop/aaamnil_workspace/Research-page-orientation/data/english_only_rotated/page_0027_rot270.png,3,270,page_0027.png,3,30.010125003173016,3,20.976708008674905,3,25.125584012130275
/Users/urgensingtan/Desktop/aaamnil_workspace/Research-page-orientation/data/english_only_rotated/page_0028_rot0.png,0,0,page_0028.png,0,29.568541009211913,0,20.540207988233306,0,24.01316699979361
/Users/urgensingtan/Desktop/aaamnil_workspace/Research-page-orientation/data/english_only_rotated/page_0028_rot90.png,1,90,page_0028.png,1,28.673249995335937,1,20.17216698732227,1,22.456959006376565
/Users/urgensingtan/Desktop/aaamnil_workspace/Research-page-orientation/data/english_only_rotated/page_0028_rot180.png,2,180,page_0028.png,2,30.058958000154234,2,20.58158299769275,2,23.36249999643769
/Users/urgensingtan/Desktop/aaamnil_workspace/Research-page-orientation/data/english_only_rotated/page_0028_rot270.png,3,270,page_0028.png,3,28.74020900344476,3,20.38941701175645,3,21.76891600538511
/Users/urgensingtan/Desktop/aaamnil_workspace/Research-page-orientation/data/english_only_rotated/page_0029_rot0.png,0,0,page_0029.png,0,28.065916005289182,0,20.947458004229702,0,21.769709012005478
/Users/urgensingtan/Desktop/aaamnil_workspace/Research-page-orientation/data/english_only_rotated/page_0029_rot90.png,1,90,page_0029.png,1,27.729292007279582,1,19.919041995308362,1,20.18391599995084
/Users/urgensingtan/Desktop/aaamnil_workspace/Research-page-orientation/data/english_only_rotated/page_0029_rot180.png,2,180,page_0029.png,2,30.90133299701847,2,20.44787500926759,2,20.191540999803692
/Users/urgensingtan/Desktop/aaamnil_workspace/Research-page-orientation/data/english_only_rotated/page_0029_rot270.png,3,270,page_0029.png,3,29.106833011610433,3,19.911750001483597,3,20.795209013158455
/Users/urgensingtan/Desktop/aaamnil_workspace/Research-page-orientation/data/english_only_rotated/page_0030_rot0.png,0,0,page_0030.png,0,32.54358300182503,0,20.002958000986837,0,20.758500002557412
/Users/urgensingtan/Desktop/aaamnil_workspace/Research-page-orientation/data/english_only_rotated/page_0030_rot90.png,1,90,page_0030.png,1,30.778500004089437,1,20.61070800118614,1,22.222250001505017
/Users/urgensingtan/Desktop/aaamnil_workspace/Research-page-orientation/data/english_only_rotated/page_0030_rot180.png,2,180,page_0030.png,2,28.43166599632241,2,20.54770800168626,2,21.845416995347477
/Users/urgensingtan/Desktop/aaamnil_workspace/Research-page-orientation/data/english_only_rotated/page_0030_rot270.png,3,270,page_0030.png,3,27.904958013095893,3,20.745707995956764,3,20.78804199118167
/Users/urgensingtan/Desktop/aaamnil_workspace/Research-page-orientation/data/english_only_rotated/page_0031_rot0.png,0,0,page_0031.png,0,28.35737500572577,0,20.822209000471048,0,22.390540994820185
/Users/urgensingtan/Desktop/aaamnil_workspace/Research-page-orientation/data/english_only_rotated/page_0031_rot90.png,1,90,page_0031.png,1,29.99800001271069,1,19.50149999174755,1,22.84775000589434
/Users/urgensingtan/Desktop/aaamnil_workspace/Research-page-orientation/data/english_only_rotated/page_0031_rot180.png,2,180,page_0031.png,2,29.045333998510614,2,22.32358299079351,2,22.478750004665926
/Users/urgensingtan/Desktop/aaamnil_workspace/Research-page-orientation/data/english_only_rotated/page_0031_rot270.png,3,270,page_0031.png,3,27.26750000147149,3,20.0506669934839,3,20.595207999576814
/Users/urgensingtan/Desktop/aaamnil_workspace/Research-page-orientation/data/english_only_rotated/page_0032_rot0.png,0,0,page_0032.png,0,29.051165998680517,0,21.5171250019921,0,21.734875001129694
/Users/urgensingtan/Desktop/aaamnil_workspace/Research-page-orientation/data/english_only_rotated/page_0032_rot90.png,1,90,page_0032.png,1,27.611375000560656,1,22.102166010881774,1,20.23312498931773
/Users/urgensingtan/Desktop/aaamnil_workspace/Research-page-orientation/data/english_only_rotated/page_0032_rot180.png,2,180,page_0032.png,2,28.992709005251527,2,22.053833003155887,2,23.773624998284504
/Users/urgensingtan/Desktop/aaamnil_workspace/Research-page-orientation/data/english_only_rotated/page_0032_rot270.png,3,270,page_0032.png,3,27.62300000176765,3,21.794083004351705,3,24.419333989499137
/Users/urgensingtan/Desktop/aaamnil_workspace/Research-page-orientation/data/english_only_rotated/page_0033_rot0.png,0,0,page_0033.png,0,28.43345901055727,0,19.969458007835783,0,21.322250002413057
/Users/urgensingtan/Desktop/aaamnil_workspace/Research-page-orientation/data/english_only_rotated/page_0033_rot90.png,1,90,page_0033.png,1,29.087417002301663,1,20.21195800625719,1,20.393957995111123
/Users/urgensingtan/Desktop/aaamnil_workspace/Research-page-orientation/data/english_only_rotated/page_0033_rot180.png,2,180,page_0033.png,2,28.72354199644178,2,20.54804199724458,2,21.890917007112876
/Users/urgensingtan/Desktop/aaamnil_workspace/Research-page-orientation/data/english_only_rotated/page_0033_rot270.png,3,270,page_0033.png,3,30.457332992227748,3,19.85762499680277,3,20.06591700774152
/Users/urgensingtan/Desktop/aaamnil_workspace/Research-page-orientation/data/english_only_rotated/page_0034_rot0.png,0,0,page_0034.png,0,30.253291988628916,0,21.442207988002338,0,21.473665998200886
/Users/urgensingtan/Desktop/aaamnil_workspace/Research-page-orientation/data/english_only_rotated/page_0034_rot90.png,1,90,page_0034.png,1,28.443208007956855,1,20.336042012786493,1,20.523875005892478
/Users/urgensingtan/Desktop/aaamnil_workspace/Research-page-orientation/data/english_only_rotated/page_0034_rot180.png,2,180,page_0034.png,2,32.042917009675875,2,22.079708011006005,2,20.987291994970292
/Users/urgensingtan/Desktop/aaamnil_workspace/Research-page-orientation/data/english_only_rotated/page_0034_rot270.png,3,270,page_0034.png,3,27.614458012976684,3,22.320791002130136,3,20.81854100106284
/Users/urgensingtan/Desktop/aaamnil_workspace/Research-page-orientation/data/english_only_rotated/page_0035_rot0.png,0,0,page_0035.png,0,31.189333007205278,0,21.94683300331235,0,21.029499999713153
/Users/urgensingtan/Desktop/aaamnil_workspace/Research-page-orientation/data/english_only_rotated/page_0035_rot90.png,1,90,page_0035.png,1,28.39904199936427,1,20.478749996982515,1,21.4550000091549
/Users/urgensingtan/Desktop/aaamnil_workspace/Research-page-orientation/data/english_only_rotated/page_0035_rot180.png,2,180,page_0035.png,2,29.50841700658202,2,21.18904200324323,2,21.476041991263628
/Users/urgensingtan/Desktop/aaamnil_workspace/Research-page-orientation/data/english_only_rotated/page_0035_rot270.png,3,270,page_0035.png,3,29.01495900005102,3,19.745375000638887,3,20.771249997778796
/Users/urgensingtan/Desktop/aaamnil_workspace/Research-page-orientation/data/english_only_rotated/page_0036_rot0.png,0,0,page_0036.png,0,29.530416999477893,0,21.806375007145107,0,21.24458400066942
/Users/urgensingtan/Desktop/aaamnil_workspace/Research-page-orientation/data/english_only_rotated/page_0036_rot90.png,1,90,page_0036.png,1,29.15458301140461,1,20.097000000532717,1,20.178916995064355
/Users/urgensingtan/Desktop/aaamnil_workspace/Research-page-orientation/data/english_only_rotated/page_0036_rot180.png,2,180,page_0036.png,2,31.263041993952356,2,21.08179200149607,2,22.589165993849747
/Users/urgensingtan/Desktop/aaamnil_workspace/Research-page-orientation/data/english_only_rotated/page_0036_rot270.png,3,270,page_0036.png,3,29.980834005982615,3,20.280708995414898,3,20.135083002969623
/Users/urgensingtan/Desktop/aaamnil_workspace/Research-page-orientation/data/english_only_rotated/page_0037_rot0.png,0,0,page_0037.png,0,28.995667002163827,0,21.216583001660183,0,21.284666989231482
/Users/urgensingtan/Desktop/aaamnil_workspace/Research-page-orientation/data/english_only_rotated/page_0037_rot90.png,1,90,page_0037.png,1,35.502667000400834,1,23.105792002752423,1,21.01562501047738
/Users/urgensingtan/Desktop/aaamnil_workspace/Research-page-orientation/data/english_only_rotated/page_0037_rot180.png,2,180,page_0037.png,2,43.87054199469276,2,20.887667007627897,2,20.846958010224625
/Users/urgensingtan/Desktop/aaamnil_workspace/Research-page-orientation/data/english_only_rotated/page_0037_rot270.png,3,270,page_0037.png,3,42.35104199324269,3,21.109749999595806,3,21.301582994055934
/Users/urgensingtan/Desktop/aaamnil_workspace/Research-page-orientation/data/english_only_rotated/page_0038_rot0.png,0,0,page_0038.png,0,36.995000002207235,0,21.2251669872785,0,21.511958999326453
/Users/urgensingtan/Desktop/aaamnil_workspace/Research-page-orientation/data/english_only_rotated/page_0038_rot90.png,1,90,page_0038.png,1,33.90999999828637,1,19.68279099673964,1,19.71854199655354
/Users/urgensingtan/Desktop/aaamnil_workspace/Research-page-orientation/data/english_only_rotated/page_0038_rot180.png,2,180,page_0038.png,2,40.59191599662881,2,24.577791002229787,2,21.224458003416657
/Users/urgensingtan/Desktop/aaamnil_workspace/Research-page-orientation/data/english_only_rotated/page_0038_rot270.png,3,270,page_0038.png,3,32.154125001397915,3,20.926917000906542,3,21.58508299908135
/Users/urgensingtan/Desktop/aaamnil_workspace/Research-page-orientation/data/english_only_rotated/page_0039_rot0.png,0,0,page_0039.png,0,32.24645800946746,0,20.365416989079677,0,20.978291999199428
/Users/urgensingtan/Desktop/aaamnil_workspace/Research-page-orientation/data/english_only_rotated/page_0039_rot90.png,1,90,page_0039.png,1,33.142208005301654,1,19.52637500653509,1,20.314916997449473
/Users/urgensingtan/Desktop/aaamnil_workspace/Research-page-orientation/data/english_only_rotated/page_0039_rot180.png,2,180,page_0039.png,2,30.4555420007091,2,19.538499996997416,2,19.81495801010169
/Users/urgensingtan/Desktop/aaamnil_workspace/Research-page-orientation/data/english_only_rotated/page_0039_rot270.png,3,270,page_0039.png,3,31.752292008604854,3,20.624415992642753,3,19.453957997029647
/Users/urgensingtan/Desktop/aaamnil_workspace/Research-page-orientation/data/english_only_rotated/page_0040_rot0.png,0,0,page_0040.png,0,34.551208998891525,0,18.85404200584162,0,19.684499988215975
/Users/urgensingtan/Desktop/aaamnil_workspace/Research-page-orientation/data/english_only_rotated/page_0040_rot90.png,1,90,page_0040.png,1,30.928915992262773,1,19.702958001289517,1,19.375333009520546
/Users/urgensingtan/Desktop/aaamnil_workspace/Research-page-orientation/data/english_only_rotated/page_0040_rot180.png,2,180,page_0040.png,2,30.390499989152886,2,20.135457991273142,2,19.140415999572724
/Users/urgensingtan/Desktop/aaamnil_workspace/Research-page-orientation/data/english_only_rotated/page_0040_rot270.png,3,270,page_0040.png,3,31.72583300329279,3,19.47012500022538,3,19.284499998320825
